模块型号,单价
MPU710,4868.70
DIO732,1182.42
DIM780,1371.56
AIM716,1538.30
AIO784,2536.92
AOM712i,2138.33
RTD712,2216.00
CCU702,2079.13
ETH704,1120.31
PWR775,700.92
PWR750,985.33
DMM700,271.22
BSM704,520.00
BSM708,1210.20
BSM710,1294.10
BSE705,878.60
BRM710,1638.13
BRM708,1427.59
BRE710,1637.99
BRE712,1858.48
BRE716,2104.48
BSE709,1191.95
BSE707,1360.46
BSE714,1342.61
CCU701,2121.21
PWR70H,980.79
RSM722,1046.72
CCU700,2138.36
RTD708i,1663.07
BSM712,1583.41
RSM702,1010.37
DPM701,3000.00
DPM721,3085.96
HDI718,1444.88
SOE718,1420.30
AIV716,2500.00
AIC708i,2803.89
AIM706i,2459.87
DIM732i,2339.57
DOM724i,2100.00
ISI702,1312.93
BSM706,1252.53
BSM714,1820.00
BSM716,1671.27
BSE706,838.36
BSE711,1368.00
CAM702,853.43
ETH702C,1120.31

